页码,评论id,评论发布时间,评论点赞数,评论发布ip,评论,评论用户名
1,7320613082232521472,1704467995,149,浙江,《可惜没如果》MV是杨颖演技巅峰,是非对错就让它随风忘了所有
1,7313728503382623010,1702860121,712,云南,我第一次听这个歌词的时候：哭惨了，第一次听《愿与愁》也是，哭到颤抖,下一站·零卡糖轻茶饮(易门店)
1,7328797106587288339,1706374607,0,福建,为什么现在看到林俊杰，我的脑海中会有一种舞蹈。,·丠丠。
1,7320577308519170851,1704460029,120,河北,这个哼唱 是先谱曲 然后填的词嘛？,故事的结局重要吗
1,7323594238070752040,1705162117,101,广东,以前以为丁真不会说普通话，现在看到这个视频，原来他是jj,🌈一口一个人类
1,7328272409294242623,1706250017,0,河南,唯一还在听的JJ的歌 [给力],YL
1,7320420361354462006,1704420324,175,陕西,还是交换余生永远第一,猛踹瘸子那条好腿🦵🏻³⁹⁸⁰
1,7320329841810244402,1704397151,292,广东,可惜没如果 排在我喜欢jj的top3里！特别当年的mv我觉得能封神,Boris。
1,7320253732414456615,1704382882,236,广东,以前的作词跟现在一对比，后无来者 [捂脸],当债主来敲门
1,7320534596868621065,1704449273,140,福建,这首歌的MV我记得还是在跑男邀请的杨颖,Forties
1,7320547104283738880,1704452028,50,广东,呗鼻现在就应该会哭着唱《可惜没如果》,DK
1,7320618078126064423,1704466358,7,辽宁,对我来讲，林俊杰最好的词 《孤独娱乐》，没有之一。结合口罩那三年来听。,xxxin
1,7320429602835415871,1704420342,50,广东,可惜没如果永远排在我歌单top3,💪🏼-'Relax-📷
1,7320623904379618074,1704471212,4,广东,可惜没如果.林俊杰的天花板.,玺玺_RUKI_LUO
1,7320443964162753290,1704423687,83,北京,这个视频快看不到了,刘子豪
1,7322666292862305024,1704945927,5,河南,"原谅我第一次听可惜没如果是嗨的
那时候才小学，只听懂了间奏小提琴的欢悦感",海南礦工-qio
1,7317564086946005814,1703753162,49,辽宁,他是喉咙唱歌？,小枫睡不着
1,7319902649208898330,1704297652,18,上海,作曲真的太强了[泣不成声],PoPul💫
1,7328311092491993856,1706259822,1,江西,我问你会不会弹钢琴？九号 [流泪]  [流泪]  [流泪],风之旅人
1,7323909239616389922,1705234499,2,广东,可惜没如果 可惜 可惜我们,老王很
2,7328797106587288339,1706374607,0,福建,为什么现在看到林俊杰，我的脑海中会有一种舞蹈。,·丠丠。
2,7328759560490795816,1706364306,0,浙江,那可是林夕啊,菜头（鹅鸭杀）
2,7328624231280460544,1706333954,4,山东,郭哥，你别光顾着创作歌啊，小品也该有新作品了。,然了个ran
2,7328576211629163304,1706324476,0,安徽,jj确实高产,千军万马避白袍
2,7328368526443217690,1706273650,1,广东,林夕的词是真的顶级啊,ruoli
2,7328358212540662582,1706269602,0,浙江,@双木非林 我去看mv了,Lucia
2,7328354092232835859,1706269264,0,湖南,@鹿小妹 记录一下,脂肪鬼
2,7328272409294242623,1706250017,0,河南,唯一还在听的JJ的歌 [给力],YL
2,7328253484284494611,1706246567,4,四川,个人不是林俊杰的歌迷，也只听过他那几首最出名的歌，但当年第一次听到这首歌的时候就喜欢上了，感觉比之前他的歌都好听，在那之前能让我有这种感觉的只有周杰伦的那几首歌。,🍔怪兽
2,7328053837812597515,1706199915,2,河南,这首歌我第一次听和看mv的时候可快把我难过死了,氤氲啊
2,7328014695276856115,1706191325,0,山东,老林也这么撸刘海[看][机智],隐藏爱懒猫
2,7327964670664164148,1706178943,0,浙江,@_78  [躺平],我不是派总
2,7327962963397608211,1706177705,0,广西,@**小白马 @我叫老江，打钱 @披风 @大表妹👑 @J📷 @❤️双子座的女孩  [流泪],莽夫。
2,7327891267097936679,1706161648,1,江西,已经十年了,今天不想洗头
2,7327892704984056630,1706160583,5,广东,林夕在写悲情歌方面简直就是神,有谁共鸣
2,7327606981412389682,1706095059,1,福建,可惜没如果.林俊杰的天花板.[色],ffseven
2,7327301268349895436,1706023905,0,江苏,还蛮喜欢看这种歌曲背后的vlog,艺兴亮晶晶
2,7327266264924898111,1706015208,5,浙江,林夕是真的太有才了 可惜,shotrise
2,7326967438033437440,1705971353,0,广东,还是交换余生永远第一[捂脸],陈不凡
2,7326805472983466802,1705909903,0,吉林,@飞呀 老喜欢这歌了,xhy
3,7326559600018572084,1705857157,1,广东,让我想起跑男,造浪池
3,7326219123208586003,1705775002,4,浙江,林夕乃当代词神,慢酸
3,7326149603643147046,1705755357,1,江西,当然  自己心里有旋律  再让别人编曲   在让别人填词,青禾_
3,7326110835268633383,1705747045,2,河南,这首歌是2014年的吗[送心],埃多纽斯
3,7326081881802605323,1705739281,1,广东,十年了,开锁🧸
3,7325738125766083369,1705660412,0,中国香港,@0.0 还挺帅,iu
3,7325413428725646132,1705585193,0,安徽,@Hannah_Du @,Anthony
3,7325349120695354121,1705569721,0,江西,@咩咩咩 可惜了林夕,超可爱的嘟嘟
3,7325089015489020712,1705522630,0,上海,要合作，有时候需要别人来挖掘自己的才能，前提是有料。,尝试
3,7325040916418773811,1705499830,0,广西,不是改编的吗,李德發
3,7324692471991632674,1705416838,0,广东,所以先有曲还是先有词,*、Jiang
3,7324656284622570303,1705407405,1,四川,@米自闭基罗 @yyyyyyh 这下彻底破防了,聖🅴
3,7324539420081685275,1705383241,0,湖南,黄衣服光头是林夕吗,Arsenal66
3,7324315452837446427,1705329512,0,四川,不喜欢这首歌的歌词 很喜欢这个调子,2023.6.10
3,7324275232876544780,1705319503,0,山东,@QWQ @CIAO👌 @叫我赵公子 @少熬夜． 初二的时候的最爱,BKing
3,7323967559932347136,1705248360,6,山东,林夕是个大才，可惜了,AAAA 、WXL
3,7323895313961714484,1705233122,1,IP未知,这首歌太痛了 [流泪],誓约
3,7323879830965224233,1705223660,1,安徽,太好听了,cs聂导
3,7323826369838220059,1705217222,0,四川,|,拾二y
3,7323200807930282792,1705069639,1,福建,什么是林夕，上林下夕，梦字。词神连名字都有韵味。 [爱心],xX
4,7323043719157941046,1705034199,1,广东,已然过了十年,哎哎哎你的巴比龙掉了
4,7322849163350737716,1704989296,0,四川,这相当于是这首歌林俊杰第一次唱完整的现场吗,落汤猫
4,7322787240882668315,1704976354,0,广西,如果再让我有如果一次，我可能还是会选择没有如果,耳机分我一半
4,7322770725490688787,1704968215,0,山东,小提琴一响,你看见过我的老虎吗
4,7322704084732609331,1704956838,0,贵州,@馨艾宝贝 我想你了,新之助
4,7322711410214028070,1704956559,2,广东,这首歌是我不会听腻的一首歌,吃个早餐
4,7322698715193164578,1704954720,0,湖南,太可惜了。林夕,愤世嫉俗-杰先生
4,7322694100700037929,1704952319,0,广东,副歌前面有段纯音乐，第一了真的,一斤盐
4,7322687483496547112,1704951028,0,广东,他不是被封了吗  怎么还能波,啊威十八式
4,7322679738349454132,1704948964,3,广东,刚开始听的时候，它还没有收费 [流泪],摄影-鹏鹏
4,7322652954183369506,1704943431,4,江苏,林夕牛逼,堿啊
4,7321803255793025844,1704740199,1,IP未知,倘若那天把该说的话好好说~,Thomas更迭
4,7321349991204569883,1704640981,0,江苏,有梦不难 [流泪],热心市民小吴
4,7321360073253552948,1704640470,1,浙江,伴奏封神,capture
4,7321359336490402587,1704640301,1,四川,@🌈交换余生（见过林俊杰版） 这首是我心中的TOP1,𝐒𝐥𝐢𝐯𝐚𝟐𝐊-
4,7321363282538464034,1704637730,0,河南,@zzzzz00 哇 能刷到了,刺槐
4,7321016214149513999,1704562411,5,广东,这歌刚出时才小学那时印象很深刻第一次在QQ音乐听林俊杰新歌 奔跑吧兄弟也火正好mv有baby 现在都大学了还是会经常听,风知云知空
4,7320663940173808420,1704474918,1,山东,@小年¹ 来吃细糠,在以后
4,7320623395375399719,1704469480,0,福建,@暂时有空（现场见过薛之谦版）  [流泪]哭死[大笑],半岛铁盒一万遍
4,7320620068982817590,1704468577,0,湖南,@清枫扶醉月暮色兮凉城 这首歌真的事杀人不见血啊,「Mr.王」
5,7320604315244512027,1704468331,0,广东,@暂时有空（现场见过薛之谦版）  [流泪]哭死,天青时等你
5,7320616907458020148,1704467275,1,江苏,这首歌我真爱了14年刚出听到现在,我爱吃橙子🍊
5,7320613036925846335,1704466853,0,广东,@k @hello小彤 好听爱听,是黑不是嘿
5,7320627009960395554,1704466307,1,陕西,生生,果仁壳
5,7320620975203156771,1704464897,0,湖南,他是梦[赞],天涯
5,7320620891258487603,1704464877,13,湖南,曲我不知道，林夕的词绝对不用怀疑,Ben
5,7320603989521859355,1704464180,0,广东,@czq  [泣不成声],eeeeeez
5,7320615860967179035,1704463706,3,广东,香港填词人三大佬黄伟文雷颂德林夕,大汉堡
5,7320586884958536475,1704463181,2,山东,第一次听这首歌的时候，突然又拾起关于她的记忆 ... 忍不住把那个MV发给了她,多肉
5,7320587309438927656,1704463107,0,四川,@の薇薇简 @相和  [流泪],程 艾 影
5,7320606794274587442,1704461595,6,浙江,作为90后才知道林夕这个名字多少牛逼,橘右津
5,7320584584223114036,1704461579,0,黑龙江,七叔哼唱 [尬笑] [尬笑] [尬笑],我觉得是先有鸡
5,7320593554459132713,1704461502,0,吉林,林夕写了很多好歌呀,朵瑞娅
5,7320595979122606889,1704461138,0,湖北,@Xh. 第一次听见这种的,爱情废柴
5,7320581912950326043,1704460168,0,河北,@因为舒服所以躺着 “我也想唱到他的词”,wc
5,7320587286123397907,1704459820,0,福建,我第一次听这个歌词的时候：哭惨了，第一次听《愿与愁》也是，哭到颤抖[微笑],“-”
5,7320598139709195046,1704459579,2,福建,这首歌以前听哭过，现在也不敢去听，怕破防[捂脸][捂脸],那白色的蜻蜓
5,7320586903529702185,1704459511,0,湖南,@让我再睡会儿 @烈酒. @Ander k. @燃烧的腿毛  [流泪],jiangyiqing695
5,7320566766291272457,1704457850,1,四川,现在再回去听 醉赤壁，满满的回忆,艾克丶
5,7320560952285774627,1704457261,2,河北,不喜欢林俊杰的歌，除了这一首 [流泪],安静张小雨
6,7320567844928111399,1704456848,0,北京,北京欢迎你好像就是他写的,别让青蛙迷了心
6,7320586296925487909,1704456823,1,重庆,梁伟文名不虚传,深海折耳根
6,7320569330822464296,1704456781,0,重庆,这DEMO我还以为是网友整活丁真 [打脸],咸鱼人蒋某
6,7320569654953820967,1704456512,0,湖北,@Is D  [调皮],__Zzp.
6,7320553691798717210,1704455607,1,浙江,那时候和老婆还没结婚，有段时间两人关系差到极点，吵架无数次，每一次矛盾后我都单曲循环这首歌，告诉自己生活没有如果，不要多年后让自己后悔,早餐吃煎包
6,7320566914613560090,1704455530,2,河南,@laroi 流行歌手也是国际语freestyle后期填词啊,咲
6,7320561125606327092,1704454772,4,河南,词神就是词神,🌈小飞快跑
6,7320550480305799976,1704454539,0,江苏,@没啥好看的 神曲,7355608
6,7320555781983748905,1704453743,1,福建,@肥了个陈 前奏,键盘虾
6,7320556609552253731,1704452884,2,天津,@🌈壮壮  [流泪],NJ热河
6,7320542079238538011,1704452519,0,辽宁,@樱桃小丸犊子_  [流泪],一期一会.
6,7320563921017193242,1704451612,0,湖北,@喵丸子m 原来是这样写歌的,胡萝西
6,7320563487901270803,1704451512,0,湖南,这首歌和 邓紫棋的  多远都要在一起 是真的好听,我的快乐时代
6,7320545128958739219,1704451429,26,四川,这首歌跟mv很配，杨颖演技巅峰,人生灬如梦
6,7320543353266062107,1704451010,0,湖北,这首歌 歌词真的很击铁,大大🌈
6,7320545048759698217,1704450985,0,广东,@977 我也贼喜欢这个歌,Z_x
6,7320532049324376832,1704450529,0,广东,前女友家里不太意，知道我们没结果，听着这首歌边听边哭，记着贼清,Cityofstars
6,7320543566391083785,1704450490,0,河南,鸡鸡的歌很不错,洛阳饭特稀.℡
6,7320544157657826102,1704449350,3,浙江,这假发有点明显,蒋点道理
6,7320526124727108367,1704448896,0,广东,@Shirley🍃L 这首歌真的太棒了,牛油条
7,7320522072115249947,1704447552,1,浙江,一点都不好笑 请不来我的演唱会,seraph
7,7320460899398157108,1704427627,1,浙江,当JJ第一次看到《可惜没如果》的词……@公孙泥,安静de小杰
7,7320428075346526986,1704426761,0,山西,第一次跑男听JJ清唱几句，就爱上了,浓睡不消残酒
7,7320454878814733110,1704426225,8,浙江,林夕好厉害[赞],智多星和渺沙的光阴故事
7,7320453829438407451,1704425984,20,广东,林夕的词一直这么绝[流泪],七仔（见过Eason31号跨年版）
7,7320438722045002536,1704425926,0,浙江,原来歌手一首歌要话那么多实践经历，怪不得歌手音感很好,用户1516464
7,7320424714119267083,1704425272,0,陕西,@Trouvaille  [流泪],𝕰𝖑𝖎𝖙𝖊
7,7320409305219760947,1704424875,1,江苏,只能说梦确实是天才 可惜了,🍔🥙🌭🥘🍤🍣🍟
7,7320444814242415414,1704423881,1,云南,当年我还在看跑男,壹壹伍
7,7320417888124584741,1704423616,0,四川,@次一个吧 来品细糠,echo-
7,7320412211465274112,1704423045,1,广西,我每次听到都觉得太好哭了这首。每次K都会带入到自己的情绪。。。大神神作,港北汽车钥匙、恒发智能锁代理
7,7320416323207725861,1704422893,1,内蒙古,@纨幻 死猪品不了细糠,彩Lin
7,7320419253911110411,1704422528,0,四川,曾经好爱好爱一个人,浩然
7,7320406994908693282,1704422463,0,广东,林俊杰也是个人才,Hua's
7,7320374429212492544,1704420979,19,贵州,林夕作词，红豆、春秋,奋青酒窖
7,7320363348691436298,1704420450,0,江苏,现在的平台对于这个作词者不要改名可以直接说了吗 [比心],心如矿泉水
7,7320429718243164939,1704420372,0,贵州,只听伴奏给我哭得[捂脸],灰色的⑦月
7,7320381165205619492,1704419686,0,广东,@想有钱超级想有钱 哼哼的好牛逼 [微笑],四面八方钱钱来
7,7320421738444686134,1704418513,0,河北,@夏夜晚饭 [左上][流泪],vader👀
7,7320410329153028864,1704415854,1,江苏,JJ：我还是喜欢煎熬那首歌[看],陈同学
8,7320290047005213503,1704415733,0,广西,2015年第一次听和看mv 里面剧情就是一个四角恋 [捂脸],lAndocracy
8,7320284831165662006,1704413579,1,山东,心一跳~~~,氵钢蛋
8,7320393937331192586,1704412039,2,河南,唱小样的这个人也很厉害,Eason 🤮
8,7320379999893193484,1704408792,7,江苏,林夕确实厉害,朱雷雷雷雷
8,7320362059279041290,1704404628,2,浙江,林俊杰说的我现在怎么样怎么样。。可能不一定是林夕现在创造出来的可惜没有如果这种爱情故事。。,🌈Jay Chou
8,7320265096272790322,1704400704,0,江苏,七八年前失恋  就一直听这首歌,我爱麦当劳
8,7320267522379957043,1704397894,4,江西,光头是林夕吗,佛波乐.
8,7320262665167012642,1704395106,1,浙江,会一直经典下去吧,马飞
8,7320299683174499081,1704390103,1,云南,哼都哼的那么好听[流泪][流泪],Lnialins.vgh
8,7320264416761758479,1704389745,1,云南,如果那天我~~~,臻ˇ噫
8,7320261243028931391,1704389060,17,四川,当年这首歌听哭我太多回了，边唱边哭，真的是一字一句都写进在心里了，百分之百吻合了我当时的感情状况,扣爹on the top
8,7320253075436323584,1704388241,0,宁夏,很适合我现在的情景，刚好想哭,Ricardo Z
8,7320246785725154048,1704387930,0,上海,小虫能不能跟林夕拼一下？,小8🏁
8,7320259188058850048,1704387845,4,河北,来是COME去是GO  [看],爱吃萝卜菠菜
8,7320254875375633206,1704387158,3,辽宁,林夕曾写给狂热时期谢霆锋一句话 后来背写进了歌词，“年轻得碰着谁亦能像威化般干脆”,方·公子呀
8,7320285509048075044,1704386830,2,福建,选择大部分歌   听了能让人抑郁,艮古
8,7320251181812663080,1704386344,0,安徽,@사랑해요 只对你说 我哭死,🌈生活本该快乐🌈
8,7320253926330024716,1704385411,12,江苏,梁伟文和黄伟文 [赞] 伟大的时代,老西瓜皮
8,7320255735370433291,1704384670,0,湖南,全都怪我，不该沉默时沉默，该勇敢时软弱，如果不是我，误会自己洒脱。,空山
8,7320257062519390976,1704384413,0,山东,太牛了,Deideiup
9,7320248364053594914,1704383762,16,广东,林夕出品，必是精品,一方青石
9,7320245887036326667,1704382788,3,湖北,林夕出品，必属精品,从清晨到日落
9,7320245037404095247,1704381330,19,广西,时间好快，这首歌都过去了那么多年了,不近又不远处（9.22）
9,7320096972797805350,1704342893,4,浙江,老林也这么撸刘海[看],王贱贱
9,7319544029921067814,1704214157,2,江苏,大晚上让我刷到，我不信就此别过，我们都好好的呢，[泣不成声],等风来🌈
9,7319143146514875162,1704120812,14,天津,林俊杰作曲的确厉害[赞]林夕填的词也超合适，近些年少有的精品,晚风余晖
9,7317677217574896396,1703779503,1,陕西,@无产者 [流泪][流泪][流泪][流泪],风浒涟漪
9,7320267593688023871,1704395094,1,浙江,这首歌一直在收藏榜单。,马飞
9,7317529768307802916,1703745171,5,广西,我是10号才变粉丝的，之前都是路人，当年这首歌刚出来的时候就把我听哭了[捂脸],WsNdxx（老公说你都对队员）
9,7315392940355945268,1703247650,7,广西,@请向阳而生 词很好，但是曲是真的绝[泣不成声],我是JJ林的铁刘海
9,7314725587661144844,1703092275,0,广东,太好哭了,大媛子🤪
9,7313544352718013247,1702817243,2,上海,会不会有点人情世故,咸蛋超人
9,7313250946452570889,1702748948,8,广西,前奏一响，眼泪就出来了,若熙
9,7311757039406547723,1702401110,7,广西,彼此圆满[比心]2023,🧚‍♂️两只单眼皮🧚‍♀️
9,7311709444043391770,1702390020,0,湖北,@相宜胖嘟嘟 [快哭了][泣不成声][泣不成声][泣不成声],奥特man
9,7311449129267381026,1702329436,7,广东,这首歌的词确实绝,敏~敏
9,7310979092379583242,1702219974,1,湖北,我的小瓜眼泪在打转了[可怜],♌村里有个姑娘叫大芳
9,7309705360989045545,1701923407,50,上海,这个词绝了[泣不成声][泣不成声][泣不成声]眼泪掉下来,莉子
9,7320254217427501843,1704384590,7,湖南,倘若那天，把该说的话好好说，该体谅的不执着。,空山
9,7309504991708988170,1701876756,9,山东,认真崽崽,奶思de中年叛逆期（见过佩云姐）
10,7320262767503475491,1704395078,0,浙江,前奏就沦陷了,马飞
10,7320244689642013491,1704383933,73,湖北,如果学生时代有喜欢的人又错过，这首歌就,晨曦飞
10,7320316403802178341,1704394021,29,山西,还有谁说要看我露脑门,m`丅..
10,7324704096186975017,1705420547,1,陕西,什么情况，呜呜啦啦的，这是嘴被捂住唱的吗 [捂脸],圣࿆熙࿆罗࿆
10,7320551718587499314,1704452949,14,江苏,其实那个时候正好跑男很火，JJ又正好在上面宣传了，歌又好听，所以就这样了,德雨🔥🔥
10,7320234420027671307,1704379693,30,广东,这首歌真的超绝！曲好词更好 而且我超喜欢它的MV 杨颖颜值第一次惊艳到我了，真就我梦里的音乐老师应该长的样子，剧情也好，完全可以拍成电影了 [流泪],别叫我毕加索
10,7322736134634570537,1704960534,0,安徽,可惜没有如果，HH,一个智慧的仙儿
10,7324273521948099363,1705318735,1,湖南,交换余生和浪漫血液,半岛铁门
10,7328377747766903564,1706273568,0,湖北,虽然很戳人，但是我还是觉得《不为谁而作的歌》才是最好的一首歌。因为爱情真的太小了,Yang🍃
10,7322687483496547112,1704951028,0,广东,他不是被封了吗  怎么还能波,啊威十八式
10,7320408347063845659,1704415393,26,江西,倘若那天，把该说的话好好说……字字戳心,你好托雷斯丶
10,7328229245577954085,1706236339,0,浙江,@HvemiL₉ @小静静吖（重拾_快乐版） @可君. @ᝰꫛꫀꪝ晴天,陪你走
10,7328336460317852450,1706265544,0,湖南,@晨医讯,k…
10,7327628030640964393,1706096355,0,江苏,@ᝰꫛꫀꪝ晴天 @小静静吖（重拾_快乐版） @可君. @陪你走,HvemiL₉
10,7322693417909584640,1704954726,0,广东,@C forever @晚。 @梦梦梦梦风 @春风得意,树木
10,7327223533837615899,1706006364,0,安徽,@有点is哦 @🌈只是当时已惘然 @资产过亿不声张先生 @宿命让我遇见你 @ℳ左肩๓ @撕夜、 @北遇and @Yae Miko @🌈🌈一休是光头,梓川枫
10,7328257298470830848,1706247165,1,广东,@琳夕,KeLin
10,7320549771936006952,1704452704,2,吉林,@辣椒烤翅 @ʚ ɞ @一颗糖。,:Q~.
10,7326352303786378035,1705799328,1,辽宁,@早尘,零度
10,7320615177380233995,1704469581,0,新疆,@平安顺遂 八方来财💰,jie.（见过林俊杰版）
11,7320609780317733670,1704468909,0,甘肃,@Hhh＿w @楊木昜,liar
11,7322725424307536667,1704954880,1,广西,@CRJ……🤔,陈欲睡
11,7320421742248854313,1704423617,1,湖北,@omio,榇椁
11,7320547572414038793,1704453036,0,山东,@高冷破忒头,六花楹
11,7320551089789698816,1704451784,0,广东,@渣男下学别跑,佳人们谁懂啊
11,7320433135236498195,1704424197,0,江苏,@站住·劫糖糖,逸
11,7320593465318146856,1704463272,1,广西,@AAA 广州香食肠粉莫哥（好评返现）,💥品 味
11,7320540678714327823,1704451698,1,安徽,@୧⍢⃝୨,浩浩牛逼
11,7320541632075842358,1704450555,1,湖南,@nk,/369/
11,7320438567887602444,1704425855,1,山西,@伍秉鉴 @20# @J.Z.C @Rainbow～🌈 @Penguice.,（*_*）
11,7320254012735980303,1704383187,1,江西,@大宝贝儿,小🍔🍔
11,7320249760904020776,1704386139,0,广东,@💙是TiTi,noah
11,7320573488002728767,1704457571,0,宁夏,@愿鲁且愚,艾伦耶格尔
11,7320260859807400739,1704386430,0,陕西,@精英上班族派大星,羊肉泡馍🐼🌈🌈
11,7326016551676609332,1705726999,0,江苏,@卡卡罗特,Dubloadz
11,7320268492703433522,1704415803,0,广东,@秋枫🍁 @,用户258853994
11,7320437699654173479,1704422226,0,广东,@旧. @错,hpx
11,7328744490595255051,1706358972,0,江西,@cherry🥰,哦耶亮仔
11,7323048862305747753,1705034918,0,福建,@smoker.,smoker.
11,7328333938988270346,1706265550,0,湖南,@wslw,k…
12,7328336599036429095,1706265541,0,湖南,@冰冷周少,k…
12,7320563992086414080,1704451631,0,河北,@啐,安乱码儿
12,7320556914323424035,1704453624,0,浙江,@Wi-Fi baby💛,深情的冰美式
12,7320571091851428608,1704457437,0,浙江,@先看看你自己👾,一只小栖崽子
12,7320622964028916507,1704469552,0,广西,@麦香菇,搁浅秀夫
12,7320619700029817634,1704464600,0,浙江,@King,PAS7
12,7320409727144559386,1704421272,0,河南,@哇达西蛙℡,李文豪
12,7320620118886990592,1704464698,0,浙江,@张小末,Youandmeeeee
12,7321411587948200740,1704675103,0,四川,@Kim金金金,木偶.
12,7320311434645750565,1704416846,0,四川,@菜瘦子  ☀️,菲儿~
12,7322745862441124623,1704963352,0,山东,@代贯俊,久睡成瘾~#
12,7323101358662517558,1705045363,0,广东,@我要胖10斤 @小羊失眠,🌈看见曙光
12,7320279873321255732,1704397169,0,上海,@❌❌,越前牛马
12,7320615177379447563,1704467955,0,广东,@盡快入夢.,塞莉西亚
12,7320620635032666892,1704467793,0,安徽,@探索世界的小孟💤,一杯热拿铁
12,7320581235197559603,1704461985,0,安徽,@丨XXX丨,两只胳膊
12,7320589891203859200,1704458329,0,山东,@@星       星,别抢我的五杀
12,7320527397740479269,1704450985,0,江西,@切利妮娜 @……,小余吃大鱼
12,7322707529963340595,1704955864,0,吉林,@1239,pppp.
12,7323269020022391592,1705081458,0,辽宁,@早尘,零度
13,7320420418165867300,1704423303,0,黑龙江,@In乐 听听。,蛋黄小狗烧仙草
13,7323561348142121728,1705153458,0,河南,@>…<,Sarff
13,7328351606503359232,1706269421,0,中国香港,@周周：,WaterS
13,7323887554514879269,1705230014,0,湖南,@噼里啪啦噼里啪啦啦啦啦啦啦,11ist
13,7320312839964672809,1704393185,0,广东,@TIGER,⭐⭐
13,7320261072496427814,1704389864,0,山东,@伊丽莎自鼠,章丘麦当劳抖金店
13,7320245984449053440,1704384009,0,湖南,@贫民窟男孩 @nikolinho @tt @蝎. @Six03,XXXToLive.
13,7326099741212377897,1705744038,0,山东,@Blue✨✨,攸花子喻🏓
13,7319149482289333026,1704122293,0,广西,@一坨桐桐,一坨惠惠
13,7320255963570160438,1704384746,0,四川,@dorothy,点点还有丿丿
13,7327900047880766246,1706163276,0,河北,@柒月,洋葱李
13,7327956605290234633,1706174942,0,广西,@淡淡的爱意,花香.
13,7328316447204098857,1706258460,0,山东,@🌈甜甜萌萌香,🌈🌈🌈Putbingqiu
13,7328209805218464539,1706239432,0,广东,@z,威治治
13,7328697243237565195,1706349601,0,浙江,@情书写给山鬼,神仙鱼
13,7328262979522020123,1706249243,0,辽宁,@落锡,Anastasia椿
13,7328305023397020479,1706257248,0,天津,@盆,许愿🌵🌕
13,7323868486576522018,1705227007,0,浙江,@🌈🌙,阿兔爱吃瓜🌈
13,7324637589318730505,1705406308,0,湖南,@ffff腊猪肉批发 @亚妮 @不想起名字 @叶落知秋 @你好呀？,jett
13,7325418523445625619,1705585198,0,安徽,@Forever°,Anthony
14,7312811918232699663,1702649397,0,浙江,@月球上的尘,🍃一路向北
14,7309701209563857690,1701922442,0,陕西,@小七安,高桥ShowHand哥（看过JJ版）
14,7320316192676250418,1704416884,0,湖北,@忍忍,1231
14,7328654384141026100,1706341490,0,上海,@二五仔-U 我有个自白版 真的好听,陈伟霆⚡
14,7324347289316655908,1705341859,0,江苏,@Zhi.,If
14,7320628247476536103,1704469669,0,广东,@一拳捶爆世界(>﹏<) 对不起我不是有意勾起你的死亡回忆，但是林这样真的有种董的感觉,米佐治
14,7320568699105329957,1704452725,1,湖北,@MB4L @晚睡早起💫 @Wd @球衣. @小狗说忘忘 @塞jo桑 @Yourfavorite 雅锐[流泪][流泪][流泪][流泪],CloudFly
14,7320412167688438554,1704421552,0,河北,林夕？他不是那啥了？,代号而已何必认真
14,7320257304967103286,1704384343,7,广西,林夕是个百年一遇的作词人。挠心方面，比方文山厉害……,猪又炖粉条~
14,7320541020557656870,1704450456,0,湖北,林俊杰是中国人吗,得意的一击
14,7320390439319782196,1704411228,2,浙江,我们一起学猫叫，一起喵喵喵！现在年轻人听的音乐真的好可悲,半符音
14,7312867932894348051,1702659762,6,中国澳门,林夕就是为林俊杰定制的,用户2292286615231
14,7320582848640254761,1704456020,0,江苏,很难想象写北京欢迎你的人为什么19年要干那种事[捂脸],zsh
14,7319557276165997351,1704217245,1,广东,鬼才 林夕[看][看][看],憂鬱的烏龜🐢
14,7321005120383894272,1704561690,0,湖南,[捂脸]  交换余生 特么我开会员都还要交一次钱 但是确实好听,风惊澜
14,7320439606633317132,1704422674,0,辽宁,林夕才是真正的天才，唯一。北京欢迎你虽然他自己不喜欢我觉得真的是佳作，太牛了,）了
14,7320576232763917119,1704457811,0,重庆,林夕都被FengSha了 [捂脸]现在是佚名,🌈大花弟弟二奢重庆工作室
14,7320612674558985023,1704467014,0,广东,林夕真的是个神人,🐷猪揼兜
14,7320647925398766345,1704471177,0,湖南,这首歌是好听，但歌词可以说是林夕写的最无趣的之一，，，，，，看看林夕的粤语歌词， 那才叫精彩,怎样才能狂吃不胖
14,7320387314487378700,1704418971,0,山东,你要明白，这可是林夕。。。,国士无双
15,7320441686588506934,1704423156,0,安徽,我看了两遍，林夕太吊了，林俊杰也太狠了,瓷砖找周旭
15,7320595472514204454,1704462548,0,河南,林俊杰这假发,Peace I
15,7324586769193157411,1705392634,0,上海,政治立场有问题的人，才华再高都是垃圾,开五档的蒙奇
15,7320619646653317951,1704464588,0,重庆,这个 视频 举报会不会下架 这个人写的,杠上杠
15,7320614280113029928,1704466937,0,广东,JJ怎么不演戏？一分钟就掉泪了，比很多小鲜肉厉害多了,哇牛
15,7325458878157505289,1705602011,0,江苏,沉默术士,DOTA2酷猫怀旧
15,7320636152641798938,1704468433,0,山东,虎哥不说车改行做录音棚了？[不失礼貌的微笑],59794036135
15,7327183851897340698,1705995480,0,湖北,我觉得歌词没曲好听 [尬笑],清雪丶
15,7327206933814264611,1706002250,0,安徽,沉默术士林俊杰 [看]  [看],🌈博斯
15,7320235760753509171,1704375208,0,湖北,词确实好[比心],💔❌🌛
15,7320994184160527131,1704560954,0,河南,词很好，可惜立场没的洗，原则问题 [微笑],晟禾草莓🍓
15,7320258623409816331,1704388909,0,广西,@我趣介么美,仰恩超人
15,7320310363956740890,1704415463,0,浙江,400万花没花吧,Richard.老杨
15,7327999156513030938,1706187885,0,上海,林夕才华不错 就可惜是个GD,Leoooooo
15,7320300538406748940,1704416443,0,天津,沉默术士林俊杰,昵称已重置
15,7322643205429429043,1704943370,0,湖南,钢琴曲前奏直接打爆好嘛,海师傅
15,7320433216711017267,1704421182,0,云南,不喜欢这个外国人来捞金,令狐少侠
15,7322730045348053812,1704960618,0,北京,林夕屁股是歪的，看得起他让他写奥运宣传曲他说恶心,Kasyapa
15,7328266935678206770,1706252251,0,广东,香港文科状元 [看],大番薯🍠
15,7323090392806687526,1705047954,0,四川,我不嫌烦我是活的双向奔赴双向奔赴双向奔赴双向奔赴我也活跃我活活活活活活活活活活活活活活活活活哈活活活活活活活活活活活活活活活活活活活活活活活活活活活活哈活活活活活活活活活活活活活活哈活活活活活活活活活,木语工坊
16,7320427273960915753,1704423226,0,四川,沉默术士,古涵煊
16,7320437016695767849,1704425164,0,湖南,该说不说，林俊杰对待音乐的态度却是比现在的杰伦用心，认真,风林火山
16,7323845235330548492,1705219783,0,湖北,离谱的是你觉得还有救。。,ζޓއއ 青柚.♿︎
16,7328657233942741797,1706339855,0,山东,林夕说他不是中国人,寿光财税|朱鸿渐
16,7320437016696292137,1704425829,0,河南,杰伦现在是不是放飞自我不让别人帮他挖掘了，想怎么来就怎么来？,皮皮鲁
16,7323964174685897498,1705257675,0,IP未知,这就是传说中一万块一个字的填词人吗？,通
16,7320568002612658959,1704452564,0,江苏,改梁伟文吧  [泣不成声],潘驴邓小闲
16,7310446810710262537,1702096039,1,浙江,@强强 woc,小象
16,7320546966885417782,1704450784,1,湖南,我宁愿听来时COME 去是GO,i
